Date,Week,SKU,Brand,Price,ACV,Is_New_Product,Post_Launch,Sales_Volume
2023-01-02,1,SKU_A1,Brand_A,1.96,0.97,0,0,27730
2023-01-02,1,SKU_B1,Brand_B,1.77,0.96,0,0,34366
2023-01-02,1,SKU_B2,Brand_B,2.03,0.97,0,0,16430
2023-01-02,1,SKU_C1,Brand_C,2.21,0.84,0,0,7493
2023-01-09,2,SKU_A1,Brand_A,1.9,0.89,0,0,31618
2023-01-09,2,SKU_A2,Brand_A,2.54,0.81,0,0,5899
2023-01-09,2,SKU_B1,Brand_B,1.77,0.97,0,0,37740
2023-01-09,2,SKU_B2,Brand_B,2.36,0.95,0,0,8914
2023-01-09,2,SKU_C1,Brand_C,2.16,0.88,0,0,11689
2023-01-16,3,SKU_A1,Brand_A,1.87,0.84,0,0,33763
2023-01-16,3,SKU_A2,Brand_A,2.46,0.85,0,0,8408
2023-01-16,3,SKU_B1,Brand_B,2.0,0.86,0,0,21023
2023-01-16,3,SKU_B2,Brand_B,2.07,0.94,0,0,13360
2023-01-16,3,SKU_C1,Brand_C,1.96,0.98,0,0,18217
2023-01-23,4,SKU_A1,Brand_A,1.94,0.86,0,0,30388
2023-01-23,4,SKU_A2,Brand_A,2.59,0.91,0,0,6623
2023-01-23,4,SKU_B1,Brand_B,1.78,0.93,0,0,35618
2023-01-23,4,SKU_B2,Brand_B,2.29,0.9,0,0,9554
2023-01-30,5,SKU_A1,Brand_A,2.14,0.95,0,0,34210
2023-01-30,5,SKU_A2,Brand_A,2.62,0.83,0,0,8465
2023-01-30,5,SKU_B1,Brand_B,2.02,0.9,0,0,24301
2023-01-30,5,SKU_C1,Brand_C,2.21,0.95,0,0,15707
2023-02-06,6,SKU_A1,Brand_A,2.15,0.85,0,0,20371
2023-02-06,6,SKU_B1,Brand_B,1.76,0.85,0,0,49085
2023-02-06,6,SKU_B2,Brand_B,2.34,0.84,0,0,9513
2023-02-06,6,SKU_C1,Brand_C,2.26,0.84,0,0,8340
2023-02-13,7,SKU_A1,Brand_A,1.94,0.83,0,0,37936
2023-02-13,7,SKU_A2,Brand_A,2.57,0.8,0,0,7622
2023-02-13,7,SKU_B1,Brand_B,1.9,0.84,0,0,25811
2023-02-13,7,SKU_B2,Brand_B,2.27,0.87,0,0,14449
2023-02-13,7,SKU_C1,Brand_C,2.25,0.82,0,0,10451
2023-02-20,8,SKU_A1,Brand_A,2.13,0.91,0,0,26892
2023-02-20,8,SKU_B1,Brand_B,2.02,0.94,0,0,28220
2023-02-20,8,SKU_B2,Brand_B,2.25,0.82,0,0,13940
2023-02-20,8,SKU_C1,Brand_C,1.93,0.83,0,0,20970
2023-02-27,9,SKU_A1,Brand_A,2.05,0.9,0,0,32447
2023-02-27,9,SKU_A2,Brand_A,2.41,0.84,0,0,11268
2023-02-27,9,SKU_B1,Brand_B,2.04,0.87,0,0,25996
2023-02-27,9,SKU_B2,Brand_B,2.3,0.89,0,0,15353
2023-02-27,9,SKU_C1,Brand_C,2.13,0.89,0,0,18883
2023-03-06,10,SKU_A1,Brand_A,2.11,0.86,0,0,26113
2023-03-06,10,SKU_A2,Brand_A,2.37,0.9,0,0,15419
2023-03-06,10,SKU_B1,Brand_B,1.92,0.82,0,0,32559
2023-03-06,10,SKU_B2,Brand_B,2.24,0.98,0,0,17749
2023-03-06,10,SKU_C1,Brand_C,2.23,0.93,0,0,12865
2023-03-13,11,SKU_A1,Brand_A,2.1,0.92,0,0,33310
2023-03-13,11,SKU_A2,Brand_A,2.66,0.86,0,0,8081
2023-03-13,11,SKU_B1,Brand_B,1.86,0.82,0,0,28909
2023-03-13,11,SKU_B2,Brand_B,2.19,0.9,0,0,15841
2023-03-13,11,SKU_C1,Brand_C,2.03,0.91,0,0,18710
2023-03-20,12,SKU_A1,Brand_A,2.07,0.98,0,0,32799
2023-03-20,12,SKU_A2,Brand_A,2.51,0.86,0,0,7577
2023-03-20,12,SKU_B1,Brand_B,1.88,0.81,0,0,28602
2023-03-20,12,SKU_B2,Brand_B,2.03,0.97,0,0,21757
2023-03-20,12,SKU_C1,Brand_C,2.07,0.83,0,0,16368
2023-03-27,13,SKU_A1,Brand_A,1.95,0.94,0,0,39669
2023-03-27,13,SKU_A2,Brand_A,2.49,0.82,0,0,10157
2023-03-27,13,SKU_B1,Brand_B,1.9,0.89,0,0,27392
2023-03-27,13,SKU_B2,Brand_B,2.16,0.91,0,0,13356
2023-03-27,13,SKU_C1,Brand_C,2.15,0.81,0,0,16099
2023-04-03,14,SKU_A1,Brand_A,1.99,0.9,0,0,28089
2023-04-03,14,SKU_A2,Brand_A,2.68,0.87,0,0,7280
2023-04-03,14,SKU_B1,Brand_B,1.77,0.86,0,0,34681
2023-04-03,14,SKU_B2,Brand_B,2.32,0.8,0,0,9875
2023-04-03,14,SKU_C1,Brand_C,1.97,0.93,0,0,25700
2023-04-10,15,SKU_A1,Brand_A,1.95,0.97,0,0,32741
2023-04-10,15,SKU_A2,Brand_A,2.6,0.94,0,0,8552
2023-04-10,15,SKU_B1,Brand_B,1.78,0.96,0,0,41726
2023-04-10,15,SKU_B2,Brand_B,2.14,0.96,0,0,15264
2023-04-10,15,SKU_C1,Brand_C,2.06,0.8,0,0,14186
2023-04-17,16,SKU_A1,Brand_A,1.87,0.89,0,0,33712
2023-04-17,16,SKU_A2,Brand_A,2.32,0.9,0,0,13598
2023-04-17,16,SKU_B1,Brand_B,1.85,0.82,0,0,23867
2023-04-17,16,SKU_B2,Brand_B,2.07,0.94,0,0,14521
2023-04-24,17,SKU_A1,Brand_A,2.09,0.9,0,0,29890
2023-04-24,17,SKU_A2,Brand_A,2.34,0.89,0,0,12392
2023-04-24,17,SKU_B1,Brand_B,1.75,0.88,0,0,39498
2023-04-24,17,SKU_B2,Brand_B,2.29,0.91,0,0,10529
2023-05-01,18,SKU_A2,Brand_A,2.68,0.96,0,0,9944
2023-05-01,18,SKU_B1,Brand_B,1.83,0.83,0,0,27404
2023-05-01,18,SKU_B2,Brand_B,2.19,0.86,0,0,12739
2023-05-01,18,SKU_C1,Brand_C,2.26,0.98,0,0,13158
2023-05-08,19,SKU_A1,Brand_A,2.04,0.88,0,0,33226
2023-05-08,19,SKU_A2,Brand_A,2.69,0.83,0,0,5415
2023-05-08,19,SKU_B1,Brand_B,1.93,0.87,0,0,25188
2023-05-08,19,SKU_B2,Brand_B,2.17,0.85,0,0,16517
2023-05-08,19,SKU_C1,Brand_C,1.95,0.96,0,0,21978
2023-05-15,20,SKU_A2,Brand_A,2.51,0.94,0,0,10916
2023-05-15,20,SKU_B1,Brand_B,1.92,0.9,0,0,26106
2023-05-15,20,SKU_B2,Brand_B,2.33,0.87,0,0,11151
2023-05-15,20,SKU_C1,Brand_C,2.17,0.84,0,0,14740
2023-05-22,21,SKU_A1,Brand_A,1.97,0.91,0,0,25758
2023-05-22,21,SKU_A2,Brand_A,2.48,0.98,0,0,10706
2023-05-22,21,SKU_B1,Brand_B,1.9,0.86,0,0,22237
2023-05-22,21,SKU_B2,Brand_B,2.05,0.82,0,0,18913
2023-05-22,21,SKU_C1,Brand_C,1.98,0.83,0,0,19025
2023-05-29,22,SKU_A1,Brand_A,1.9,0.82,0,0,29893
2023-05-29,22,SKU_A2,Brand_A,2.35,0.88,0,0,11552
2023-05-29,22,SKU_B1,Brand_B,1.9,0.92,0,0,24025
2023-05-29,22,SKU_B2,Brand_B,2.04,0.94,0,0,18158
2023-05-29,22,SKU_C1,Brand_C,2.23,0.97,0,0,13373
2023-06-05,23,SKU_A1,Brand_A,1.99,0.93,0,0,31445
2023-06-05,23,SKU_A2,Brand_A,2.5,0.9,0,0,8725
2023-06-05,23,SKU_B1,Brand_B,1.78,0.88,0,0,24508
2023-06-05,23,SKU_B2,Brand_B,2.12,0.87,0,0,14290
2023-06-05,23,SKU_C1,Brand_C,1.94,0.86,0,0,16381
2023-06-12,24,SKU_A1,Brand_A,1.98,0.82,0,0,21228
2023-06-12,24,SKU_A2,Brand_A,2.41,0.87,0,0,10445
2023-06-12,24,SKU_B1,Brand_B,1.86,0.98,0,0,37645
2023-06-12,24,SKU_B2,Brand_B,2.24,0.84,0,0,9176
2023-06-12,24,SKU_C1,Brand_C,1.99,0.85,0,0,14530
2023-06-19,25,SKU_A1,Brand_A,1.89,0.92,0,0,35658
2023-06-19,25,SKU_A2,Brand_A,2.53,0.85,0,0,8329
2023-06-19,25,SKU_B1,Brand_B,1.98,0.83,0,0,17535
2023-06-19,25,SKU_B2,Brand_B,2.2,0.84,0,0,8828
2023-06-19,25,SKU_C1,Brand_C,1.97,0.91,0,0,19782
2023-06-26,26,SKU_A2,Brand_A,2.49,0.87,0,0,10446
2023-06-26,26,SKU_B2,Brand_B,2.07,0.93,0,0,19924
2023-06-26,26,SKU_C1,Brand_C,2.13,0.95,0,0,15646
2023-07-03,27,SKU_A1,Brand_A,1.97,0.95,0,0,27389
2023-07-03,27,SKU_A2,Brand_A,2.49,0.85,0,0,8370
2023-07-03,27,SKU_B1,Brand_B,1.98,0.89,0,0,27005
2023-07-03,27,SKU_C1,Brand_C,2.24,0.91,0,0,10084
2023-07-10,28,SKU_A1,Brand_A,1.85,0.9,0,0,33365
2023-07-10,28,SKU_A2,Brand_A,2.6,0.96,0,0,6422
2023-07-10,28,SKU_B1,Brand_B,1.78,0.95,0,0,23219
2023-07-10,28,SKU_B2,Brand_B,2.07,0.87,0,0,10826
2023-07-10,28,SKU_C1,Brand_C,2.01,0.93,0,0,13515
2023-07-17,29,SKU_A1,Brand_A,1.99,0.97,0,0,26838
2023-07-17,29,SKU_A2,Brand_A,2.5,0.91,0,0,6178
2023-07-17,29,SKU_B1,Brand_B,1.75,0.96,0,0,31012
2023-07-17,29,SKU_B2,Brand_B,2.27,0.97,0,0,10862
2023-07-17,29,SKU_C1,Brand_C,2.17,0.83,0,0,12517
2023-07-24,30,SKU_A1,Brand_A,2.03,0.87,0,0,26151
2023-07-24,30,SKU_A2,Brand_A,2.32,0.86,0,0,8383
2023-07-24,30,SKU_B2,Brand_B,2.15,0.86,0,0,10697
2023-07-24,30,SKU_C1,Brand_C,2.01,0.88,0,0,17505
2023-07-31,31,SKU_A1,Brand_A,1.87,0.98,0,0,38042
2023-07-31,31,SKU_A2,Brand_A,2.33,0.93,0,0,8050
2023-07-31,31,SKU_B2,Brand_B,2.04,0.88,0,0,10166
2023-07-31,31,SKU_C1,Brand_C,2.12,0.81,0,0,7601
2023-08-07,32,SKU_A1,Brand_A,1.85,0.83,0,0,30408
2023-08-07,32,SKU_A2,Brand_A,2.59,0.92,0,0,5646
2023-08-07,32,SKU_B2,Brand_B,2.31,0.83,0,0,5331
2023-08-14,33,SKU_A1,Brand_A,1.9,0.9,0,0,31725
2023-08-14,33,SKU_A2,Brand_A,2.63,0.86,0,0,4948
2023-08-14,33,SKU_B1,Brand_B,1.83,0.87,0,0,18128
2023-08-14,33,SKU_B2,Brand_B,2.24,0.87,0,0,9863
2023-08-14,33,SKU_C1,Brand_C,2.12,0.88,0,0,10767
2023-08-21,34,SKU_A1,Brand_A,2.04,0.85,0,0,17871
2023-08-21,34,SKU_A2,Brand_A,2.36,0.95,0,0,8658
2023-08-21,34,SKU_B1,Brand_B,1.8,0.85,0,0,22605
2023-08-21,34,SKU_B2,Brand_B,2.03,0.96,0,0,14533
2023-08-28,35,SKU_A1,Brand_A,1.9,0.96,0,0,22343
2023-08-28,35,SKU_A2,Brand_A,2.51,0.81,0,0,4984
2023-08-28,35,SKU_B1,Brand_B,1.8,0.93,0,0,26627
2023-08-28,35,SKU_B2,Brand_B,2.11,0.87,0,0,10509
2023-08-28,35,SKU_C1,Brand_C,2.03,0.86,0,0,10643
2023-09-04,36,SKU_A2,Brand_A,2.34,0.81,0,0,6899
2023-09-04,36,SKU_B1,Brand_B,1.96,0.88,0,0,18941
2023-09-04,36,SKU_B2,Brand_B,2.11,0.95,0,0,11257
2023-09-11,37,SKU_A1,Brand_A,2.1,0.92,0,0,20780
2023-09-11,37,SKU_A2,Brand_A,2.4,0.89,0,0,8629
2023-09-11,37,SKU_B1,Brand_B,1.82,0.98,0,0,26891
2023-09-11,37,SKU_C1,Brand_C,2.24,0.81,0,0,6150
2023-09-18,38,SKU_A1,Brand_A,1.86,0.93,0,0,29710
2023-09-18,38,SKU_A2,Brand_A,2.44,0.93,0,0,6389
2023-09-18,38,SKU_B1,Brand_B,1.91,0.94,0,0,16225
2023-09-18,38,SKU_B2,Brand_B,2.14,0.91,0,0,9900
2023-09-18,38,SKU_C1,Brand_C,2.01,0.8,0,0,11115
2023-09-25,39,SKU_A1,Brand_A,2.12,0.98,0,0,18452
2023-09-25,39,SKU_A2,Brand_A,2.47,0.93,0,0,9576
2023-09-25,39,SKU_B1,Brand_B,1.82,0.82,0,0,18225
2023-09-25,39,SKU_B2,Brand_B,2.13,0.84,0,0,9914
2023-09-25,39,SKU_C1,Brand_C,1.95,0.8,0,0,13723
2023-10-02,40,SKU_A1,Brand_A,2.16,0.84,0,0,13463
2023-10-02,40,SKU_A2,Brand_A,2.68,0.92,0,0,4232
2023-10-02,40,SKU_B1,Brand_B,1.82,0.83,0,0,26916
2023-10-02,40,SKU_B2,Brand_B,2.1,0.83,0,0,8812
2023-10-02,40,SKU_C1,Brand_C,1.95,0.97,0,0,16255
2023-10-09,41,SKU_A1,Brand_A,2.03,0.9,0,0,19097
2023-10-09,41,SKU_A2,Brand_A,2.66,0.97,0,0,5044
2023-10-09,41,SKU_B1,Brand_B,2.01,0.95,0,0,19206
2023-10-09,41,SKU_B2,Brand_B,2.05,0.87,0,0,17833
2023-10-09,41,SKU_C1,Brand_C,2.06,0.85,0,0,11491
2023-10-16,42,SKU_A1,Brand_A,2.06,0.9,0,0,24679
2023-10-16,42,SKU_A2,Brand_A,2.41,0.96,0,0,9123
2023-10-16,42,SKU_B1,Brand_B,2.01,0.96,0,0,19735
2023-10-16,42,SKU_B2,Brand_B,2.27,0.95,0,0,10312
2023-10-16,42,SKU_C1,Brand_C,2.14,0.94,0,0,12093
2023-10-23,43,SKU_A1,Brand_A,2.11,0.89,0,0,22338
2023-10-23,43,SKU_A2,Brand_A,2.55,0.85,0,0,7207
2023-10-23,43,SKU_B1,Brand_B,1.94,0.9,0,0,21948
2023-10-23,43,SKU_B2,Brand_B,2.29,0.9,0,0,10518
2023-10-23,43,SKU_C1,Brand_C,2.26,0.86,0,0,10383
2023-10-30,44,SKU_A1,Brand_A,1.85,0.96,0,0,30650
2023-10-30,44,SKU_A2,Brand_A,2.69,0.97,0,0,4158
2023-10-30,44,SKU_B2,Brand_B,2.03,0.86,0,0,15597
2023-10-30,44,SKU_C1,Brand_C,2.16,0.88,0,0,8879
2023-11-06,45,SKU_A1,Brand_A,2.14,0.83,0,0,20061
2023-11-06,45,SKU_A2,Brand_A,2.47,0.91,0,0,8519
2023-11-06,45,SKU_B1,Brand_B,1.87,0.85,0,0,23516
2023-11-06,45,SKU_B2,Brand_B,2.34,0.84,0,0,8583
2023-11-06,45,SKU_C1,Brand_C,2.0,0.81,0,0,11794
2023-11-13,46,SKU_A1,Brand_A,1.88,0.81,0,0,26632
2023-11-13,46,SKU_A2,Brand_A,2.67,0.91,0,0,3990
2023-11-13,46,SKU_B1,Brand_B,1.78,0.82,0,0,24438
2023-11-13,46,SKU_B2,Brand_B,2.27,0.88,0,0,7171
2023-11-13,46,SKU_C1,Brand_C,1.95,0.9,0,0,10239
2023-11-20,47,SKU_A1,Brand_A,2.09,0.81,0,0,14328
2023-11-20,47,SKU_A2,Brand_A,2.4,0.98,0,0,8954
2023-11-20,47,SKU_B1,Brand_B,1.79,0.89,0,0,31583
2023-11-20,47,SKU_B2,Brand_B,2.22,0.8,0,0,9980
2023-11-20,47,SKU_C1,Brand_C,2.04,0.89,0,0,11929
2023-11-27,48,SKU_A1,Brand_A,2.04,0.93,0,0,22989
2023-11-27,48,SKU_A2,Brand_A,2.31,0.97,0,0,12760
2023-11-27,48,SKU_B1,Brand_B,1.96,0.96,0,0,20732
2023-11-27,48,SKU_B2,Brand_B,2.28,0.94,0,0,12295
2023-11-27,48,SKU_C1,Brand_C,1.96,0.96,0,0,17150
2023-12-04,49,SKU_A2,Brand_A,2.56,0.89,0,0,6447
2023-12-04,49,SKU_B1,Brand_B,1.92,0.93,0,0,23744
2023-12-04,49,SKU_B2,Brand_B,2.09,0.92,0,0,15517
2023-12-11,50,SKU_A1,Brand_A,2.0,0.96,0,0,29397
2023-12-11,50,SKU_B1,Brand_B,2.03,0.84,0,0,18202
2023-12-11,50,SKU_B2,Brand_B,2.24,0.91,0,0,13580
2023-12-11,50,SKU_C1,Brand_C,2.17,0.96,0,0,17348
2023-12-18,51,SKU_A2,Brand_A,2.61,0.82,0,0,7538
2023-12-18,51,SKU_B1,Brand_B,2.04,0.88,0,0,19506
2023-12-18,51,SKU_B2,Brand_B,2.14,0.95,0,0,12644
2023-12-18,51,SKU_C1,Brand_C,2.08,0.84,0,0,17159
2023-12-25,52,SKU_A1,Brand_A,1.93,0.81,0,0,27145
2023-12-25,52,SKU_A2,Brand_A,2.51,0.97,0,0,8087
2023-12-25,52,SKU_B1,Brand_B,1.84,0.89,0,0,22924
2023-12-25,52,SKU_B2,Brand_B,2.04,0.83,0,0,14999
2023-12-25,52,SKU_C1,Brand_C,2.08,0.89,0,0,12779
2024-01-01,53,SKU_A1,Brand_A,2.06,0.88,0,1,15176
2024-01-01,53,SKU_A2,Brand_A,2.58,0.95,0,1,5052
2024-01-01,53,SKU_C1,Brand_C,1.94,0.97,0,1,18230
2024-01-01,53,SKU_A3,Brand_A,2.2,0.4,1,1,12203
2024-01-08,54,SKU_A1,Brand_A,2.05,0.95,0,1,21695
2024-01-08,54,SKU_A2,Brand_A,2.47,0.95,0,1,7585
2024-01-08,54,SKU_B1,Brand_B,1.78,0.9,0,1,22394
2024-01-08,54,SKU_B2,Brand_B,2.27,0.87,0,1,6979
2024-01-08,54,SKU_C1,Brand_C,2.08,0.84,0,1,9358
2024-01-15,55,SKU_A1,Brand_A,2.03,0.94,0,1,20401
2024-01-15,55,SKU_A2,Brand_A,2.68,0.8,0,1,4012
2024-01-15,55,SKU_B2,Brand_B,2.11,0.97,0,1,13435
2024-01-15,55,SKU_C1,Brand_C,1.95,0.97,0,1,14213
2024-01-15,55,SKU_A3,Brand_A,2.29,0.5,1,1,10753
2024-01-22,56,SKU_A1,Brand_A,2.06,0.83,0,1,20829
2024-01-22,56,SKU_A2,Brand_A,2.34,0.9,0,1,8356
2024-01-22,56,SKU_B1,Brand_B,1.83,0.97,0,1,31407
2024-01-22,56,SKU_C1,Brand_C,2.14,0.97,0,1,13457
2024-01-22,56,SKU_A3,Brand_A,2.44,0.55,1,1,10091
2024-01-29,57,SKU_A1,Brand_A,2.05,0.82,0,1,17639
2024-01-29,57,SKU_B1,Brand_B,1.97,0.96,0,1,23311
2024-01-29,57,SKU_B2,Brand_B,2.03,0.92,0,1,17803
2024-01-29,57,SKU_C1,Brand_C,2.14,0.9,0,1,12017
2024-01-29,57,SKU_A3,Brand_A,2.33,0.6,1,1,12959
2024-02-05,58,SKU_A1,Brand_A,2.13,0.83,0,1,16725
2024-02-05,58,SKU_A2,Brand_A,2.44,0.81,0,1,7603
2024-02-05,58,SKU_B1,Brand_B,1.91,0.81,0,1,23436
2024-02-05,58,SKU_B2,Brand_B,2.21,0.96,0,1,16665
2024-02-05,58,SKU_C1,Brand_C,2.15,0.9,0,1,12028
2024-02-05,58,SKU_A3,Brand_A,2.36,0.65,1,1,15315
2024-02-12,59,SKU_A1,Brand_A,2.08,0.86,0,1,21113
2024-02-12,59,SKU_A2,Brand_A,2.67,0.84,0,1,4765
2024-02-12,59,SKU_B1,Brand_B,1.87,0.83,0,1,27003
2024-02-12,59,SKU_B2,Brand_B,2.21,0.91,0,1,11798
2024-02-12,59,SKU_C1,Brand_C,1.96,0.94,0,1,17754
2024-02-12,59,SKU_A3,Brand_A,2.4,0.7,1,1,14325
2024-02-19,60,SKU_A1,Brand_A,2.01,0.97,0,1,28417
2024-02-19,60,SKU_A2,Brand_A,2.64,0.84,0,1,5504
2024-02-19,60,SKU_B1,Brand_B,2.03,0.82,0,1,18081
2024-02-19,60,SKU_B2,Brand_B,2.33,0.96,0,1,13184
2024-02-19,60,SKU_C1,Brand_C,2.2,0.94,0,1,12111
2024-02-19,60,SKU_A3,Brand_A,2.26,0.75,1,1,23924
2024-02-26,61,SKU_A1,Brand_A,1.9,0.89,0,1,23227
2024-02-26,61,SKU_A2,Brand_A,2.45,0.81,0,1,6529
2024-02-26,61,SKU_B1,Brand_B,1.76,0.82,0,1,28664
2024-02-26,61,SKU_C1,Brand_C,2.04,0.89,0,1,12590
2024-02-26,61,SKU_A3,Brand_A,2.35,0.8,1,1,18593
2024-03-04,62,SKU_A1,Brand_A,1.87,0.92,0,1,30670
2024-03-04,62,SKU_A2,Brand_A,2.7,0.95,0,1,4437
2024-03-04,62,SKU_B1,Brand_B,1.94,0.86,0,1,22891
2024-03-04,62,SKU_B2,Brand_B,2.17,0.82,0,1,16433
2024-03-04,62,SKU_C1,Brand_C,2.23,0.88,0,1,9257
2024-03-04,62,SKU_A3,Brand_A,2.27,0.85,1,1,20657
2024-03-11,63,SKU_A1,Brand_A,1.88,0.9,0,1,29511
2024-03-11,63,SKU_A2,Brand_A,2.34,0.89,0,1,7878
2024-03-11,63,SKU_B1,Brand_B,1.79,0.86,0,1,23922
2024-03-11,63,SKU_B2,Brand_B,2.16,0.87,0,1,13770
2024-03-11,63,SKU_C1,Brand_C,2.09,0.94,0,1,10952
2024-03-11,63,SKU_A3,Brand_A,2.37,0.9,1,1,20792
2024-03-18,64,SKU_A1,Brand_A,2.01,0.83,0,1,19631
2024-03-18,64,SKU_A2,Brand_A,2.57,0.81,0,1,6460
2024-03-18,64,SKU_B1,Brand_B,1.77,0.93,0,1,26402
2024-03-18,64,SKU_B2,Brand_B,2.13,0.86,0,1,14818
2024-03-18,64,SKU_C1,Brand_C,2.19,0.92,0,1,9868
2024-03-18,64,SKU_A3,Brand_A,2.15,0.95,1,1,29807
2024-03-25,65,SKU_A2,Brand_A,2.32,0.97,0,1,16922
2024-03-25,65,SKU_B1,Brand_B,1.99,0.85,0,1,22325
2024-03-25,65,SKU_B2,Brand_B,2.23,0.93,0,1,13761
2024-03-25,65,SKU_C1,Brand_C,2.2,0.92,0,1,12186
2024-03-25,65,SKU_A3,Brand_A,2.46,0.84,1,1,16452
2024-04-01,66,SKU_A1,Brand_A,2.12,0.95,0,1,22140
2024-04-01,66,SKU_A2,Brand_A,2.6,0.88,0,1,6935
2024-04-01,66,SKU_B1,Brand_B,2.0,0.93,0,1,26899
2024-04-01,66,SKU_B2,Brand_B,2.09,0.9,0,1,21120
2024-04-01,66,SKU_C1,Brand_C,2.26,0.97,0,1,13171
2024-04-01,66,SKU_A3,Brand_A,2.42,0.84,1,1,19191
2024-04-08,67,SKU_A1,Brand_A,1.89,0.88,0,1,30167
2024-04-08,67,SKU_A2,Brand_A,2.62,0.84,0,1,4947
2024-04-08,67,SKU_B1,Brand_B,1.92,0.93,0,1,22330
2024-04-08,67,SKU_B2,Brand_B,2.15,0.94,0,1,16685
2024-04-08,67,SKU_C1,Brand_C,2.12,0.8,0,1,11190
2024-04-15,68,SKU_A2,Brand_A,2.56,0.81,0,1,7300
2024-04-15,68,SKU_B2,Brand_B,2.26,0.94,0,1,11812
2024-04-15,68,SKU_C1,Brand_C,2.02,0.95,0,1,12755
2024-04-15,68,SKU_A3,Brand_A,2.14,0.86,1,1,28351
2024-04-22,69,SKU_A1,Brand_A,2.16,0.97,0,1,15754
2024-04-22,69,SKU_A2,Brand_A,2.55,0.94,0,1,8999
2024-04-22,69,SKU_B1,Brand_B,1.78,0.87,0,1,28673
2024-04-22,69,SKU_B2,Brand_B,2.23,0.91,0,1,13805
2024-04-22,69,SKU_C1,Brand_C,1.99,0.87,0,1,16593
2024-04-22,69,SKU_A3,Brand_A,2.23,0.97,1,1,23705
2024-04-29,70,SKU_A1,Brand_A,1.98,0.93,0,1,24242
2024-04-29,70,SKU_A2,Brand_A,2.54,0.82,0,1,6549
2024-04-29,70,SKU_B1,Brand_B,1.98,0.92,0,1,22770
2024-04-29,70,SKU_C1,Brand_C,2.24,0.84,0,1,11612
2024-04-29,70,SKU_A3,Brand_A,2.28,0.94,1,1,25621
2024-05-06,71,SKU_A1,Brand_A,1.97,0.85,0,1,23046
2024-05-06,71,SKU_A2,Brand_A,2.38,0.9,0,1,6267
2024-05-06,71,SKU_B1,Brand_B,1.89,0.97,0,1,18373
2024-05-06,71,SKU_C1,Brand_C,2.01,0.85,0,1,13741
2024-05-13,72,SKU_A1,Brand_A,2.05,0.9,0,1,21693
2024-05-13,72,SKU_A2,Brand_A,2.62,0.88,0,1,4753
2024-05-13,72,SKU_B1,Brand_B,1.76,0.94,0,1,31668
2024-05-13,72,SKU_B2,Brand_B,2.08,0.86,0,1,13529
2024-05-13,72,SKU_A3,Brand_A,2.44,0.96,1,1,19755
2024-05-20,73,SKU_A2,Brand_A,2.41,0.94,0,1,7240
2024-05-20,73,SKU_B1,Brand_B,1.92,0.91,0,1,23120
2024-05-20,73,SKU_B2,Brand_B,2.35,0.9,0,1,11295
2024-05-20,73,SKU_C1,Brand_C,1.99,0.93,0,1,16067
2024-05-20,73,SKU_A3,Brand_A,2.43,0.96,1,1,24507
2024-05-27,74,SKU_A1,Brand_A,2.15,0.88,0,1,13125
2024-05-27,74,SKU_A2,Brand_A,2.65,0.88,0,1,4911
2024-05-27,74,SKU_B1,Brand_B,1.8,0.8,0,1,28805
2024-05-27,74,SKU_B2,Brand_B,2.28,0.96,0,1,14787
2024-05-27,74,SKU_C1,Brand_C,1.96,0.93,0,1,17476
2024-05-27,74,SKU_A3,Brand_A,2.42,0.9,1,1,16801
2024-06-03,75,SKU_A1,Brand_A,1.87,0.84,0,1,23599
2024-06-03,75,SKU_A2,Brand_A,2.48,0.93,0,1,5808
2024-06-03,75,SKU_B1,Brand_B,1.95,0.91,0,1,23158
2024-06-03,75,SKU_B2,Brand_B,2.19,0.98,0,1,11378
2024-06-03,75,SKU_C1,Brand_C,2.15,0.82,0,1,8245
2024-06-03,75,SKU_A3,Brand_A,2.37,0.81,1,1,20527
2024-06-10,76,SKU_A1,Brand_A,2.12,0.94,0,1,20843
2024-06-10,76,SKU_A2,Brand_A,2.4,0.96,0,1,10675
2024-06-10,76,SKU_B1,Brand_B,1.95,0.9,0,1,21720
2024-06-10,76,SKU_C1,Brand_C,2.12,0.87,0,1,11573
2024-06-10,76,SKU_A3,Brand_A,2.39,0.97,1,1,21825
2024-06-17,77,SKU_A1,Brand_A,2.07,0.9,0,1,18299
2024-06-17,77,SKU_A2,Brand_A,2.3,0.88,0,1,9281
2024-06-17,77,SKU_B1,Brand_B,1.84,0.91,0,1,22596
2024-06-17,77,SKU_B2,Brand_B,2.29,0.81,0,1,7476
2024-06-17,77,SKU_A3,Brand_A,2.44,0.83,1,1,20922
2024-06-24,78,SKU_A1,Brand_A,1.87,0.96,0,1,30053
2024-06-24,78,SKU_A2,Brand_A,2.65,0.9,0,1,4436
2024-06-24,78,SKU_B1,Brand_B,1.91,0.88,0,1,17218
2024-06-24,78,SKU_B2,Brand_B,2.3,0.91,0,1,6371
2024-06-24,78,SKU_C1,Brand_C,2.23,0.88,0,1,10521
2024-06-24,78,SKU_A3,Brand_A,2.33,0.93,1,1,23555
2024-07-01,79,SKU_A1,Brand_A,1.92,0.87,0,1,22658
2024-07-01,79,SKU_A2,Brand_A,2.36,0.85,0,1,8363
2024-07-01,79,SKU_B1,Brand_B,2.04,0.86,0,1,13267
2024-07-01,79,SKU_B2,Brand_B,2.24,0.85,0,1,9699
2024-07-01,79,SKU_A3,Brand_A,2.41,0.9,1,1,16494
2024-07-08,80,SKU_A1,Brand_A,2.16,0.82,0,1,13605
2024-07-08,80,SKU_A2,Brand_A,2.47,0.87,0,1,5515
2024-07-08,80,SKU_B2,Brand_B,2.31,0.97,0,1,11633
2024-07-08,80,SKU_C1,Brand_C,2.21,0.8,0,1,8804
2024-07-08,80,SKU_A3,Brand_A,2.21,0.81,1,1,26135
2024-07-15,81,SKU_A1,Brand_A,2.14,0.92,0,1,12209
2024-07-15,81,SKU_A2,Brand_A,2.54,0.8,0,1,5732
2024-07-15,81,SKU_B1,Brand_B,1.94,0.96,0,1,22148
2024-07-15,81,SKU_B2,Brand_B,2.28,0.82,0,1,7878
2024-07-15,81,SKU_C1,Brand_C,2.24,0.81,0,1,6221
2024-07-15,81,SKU_A3,Brand_A,2.12,0.88,1,1,28119
2024-07-22,82,SKU_A1,Brand_A,2.06,0.85,0,1,16099
2024-07-22,82,SKU_A2,Brand_A,2.48,0.94,0,1,5005
2024-07-22,82,SKU_B1,Brand_B,2.0,0.95,0,1,14610
2024-07-22,82,SKU_B2,Brand_B,2.14,0.9,0,1,11056
2024-07-22,82,SKU_C1,Brand_C,2.06,0.91,0,1,12172
2024-07-22,82,SKU_A3,Brand_A,2.25,0.83,1,1,20981
2024-07-29,83,SKU_A1,Brand_A,2.06,0.91,0,1,14188
2024-07-29,83,SKU_A2,Brand_A,2.7,0.88,0,1,3380
2024-07-29,83,SKU_B1,Brand_B,1.96,0.83,0,1,14977
2024-07-29,83,SKU_B2,Brand_B,2.2,0.97,0,1,10563
2024-07-29,83,SKU_C1,Brand_C,2.06,0.81,0,1,10529
2024-07-29,83,SKU_A3,Brand_A,2.17,0.8,1,1,22076
2024-08-05,84,SKU_A1,Brand_A,1.96,0.86,0,1,16313
2024-08-05,84,SKU_A2,Brand_A,2.52,0.9,0,1,5578
2024-08-05,84,SKU_B1,Brand_B,1.98,0.95,0,1,13663
2024-08-05,84,SKU_B2,Brand_B,2.12,0.84,0,1,9982
2024-08-05,84,SKU_C1,Brand_C,1.95,0.86,0,1,10407
2024-08-05,84,SKU_A3,Brand_A,2.33,0.83,1,1,19269
2024-08-12,85,SKU_A1,Brand_A,1.91,0.97,0,1,20444
2024-08-12,85,SKU_A2,Brand_A,2.51,0.96,0,1,5097
2024-08-12,85,SKU_B1,Brand_B,1.79,0.94,0,1,21807
2024-08-12,85,SKU_B2,Brand_B,2.12,0.96,0,1,9453
2024-08-12,85,SKU_C1,Brand_C,2.25,0.83,0,1,6368
2024-08-12,85,SKU_A3,Brand_A,2.29,0.96,1,1,17482
2024-08-19,86,SKU_A1,Brand_A,2.02,0.97,0,1,17173
2024-08-19,86,SKU_A2,Brand_A,2.64,0.88,0,1,3793
2024-08-19,86,SKU_B1,Brand_B,2.01,0.96,0,1,16947
2024-08-19,86,SKU_B2,Brand_B,2.24,0.97,0,1,5688
2024-08-19,86,SKU_C1,Brand_C,1.94,0.89,0,1,16049
2024-08-19,86,SKU_A3,Brand_A,2.37,0.82,1,1,16564
2024-08-26,87,SKU_A1,Brand_A,2.08,0.94,0,1,15647
2024-08-26,87,SKU_A2,Brand_A,2.64,0.91,0,1,3599
2024-08-26,87,SKU_B1,Brand_B,1.77,0.89,0,1,19171
2024-08-26,87,SKU_B2,Brand_B,2.17,0.81,0,1,6447
2024-08-26,87,SKU_C1,Brand_C,2.05,0.82,0,1,6363
2024-08-26,87,SKU_A3,Brand_A,2.14,0.89,1,1,21505
2024-09-02,88,SKU_A1,Brand_A,1.91,0.92,0,1,20205
2024-09-02,88,SKU_A2,Brand_A,2.44,0.92,0,1,5821
2024-09-02,88,SKU_B1,Brand_B,1.79,0.96,0,1,14438
2024-09-02,88,SKU_B2,Brand_B,2.23,0.91,0,1,8294
2024-09-02,88,SKU_C1,Brand_C,1.96,0.92,0,1,14441
2024-09-02,88,SKU_A3,Brand_A,2.42,0.94,1,1,12283
2024-09-09,89,SKU_A1,Brand_A,1.84,0.89,0,1,19492
2024-09-09,89,SKU_B1,Brand_B,1.82,0.93,0,1,17406
2024-09-09,89,SKU_B2,Brand_B,2.15,0.85,0,1,7881
2024-09-09,89,SKU_C1,Brand_C,2.22,0.86,0,1,6852
2024-09-09,89,SKU_A3,Brand_A,2.28,0.96,1,1,18418
2024-09-16,90,SKU_A1,Brand_A,1.94,0.82,0,1,18110
2024-09-16,90,SKU_A2,Brand_A,2.32,0.86,0,1,7989
2024-09-16,90,SKU_B1,Brand_B,2.04,0.89,0,1,10148
2024-09-16,90,SKU_B2,Brand_B,2.1,0.87,0,1,7094
2024-09-16,90,SKU_C1,Brand_C,2.06,0.81,0,1,8388
2024-09-16,90,SKU_A3,Brand_A,2.42,0.95,1,1,17659
2024-09-23,91,SKU_A2,Brand_A,2.66,0.85,0,1,3771
2024-09-23,91,SKU_B1,Brand_B,1.86,0.81,0,1,17072
2024-09-23,91,SKU_B2,Brand_B,2.12,0.95,0,1,9157
2024-09-23,91,SKU_C1,Brand_C,1.94,0.87,0,1,12061
2024-09-23,91,SKU_A3,Brand_A,2.3,0.87,1,1,14498
2024-09-30,92,SKU_A1,Brand_A,1.88,0.85,0,1,15914
2024-09-30,92,SKU_A2,Brand_A,2.44,0.87,0,1,5432
2024-09-30,92,SKU_B2,Brand_B,2.32,0.8,0,1,5021
2024-09-30,92,SKU_C1,Brand_C,2.23,0.94,0,1,6166
2024-10-07,93,SKU_A1,Brand_A,1.9,0.83,0,1,20373
2024-10-07,93,SKU_A2,Brand_A,2.53,0.83,0,1,4305
2024-10-07,93,SKU_B1,Brand_B,1.99,0.91,0,1,16947
2024-10-07,93,SKU_B2,Brand_B,2.12,0.86,0,1,7565
2024-10-07,93,SKU_C1,Brand_C,2.24,0.85,0,1,7037
2024-10-07,93,SKU_A3,Brand_A,2.38,0.81,1,1,12103
2024-10-14,94,SKU_A1,Brand_A,2.01,0.88,0,1,14455
2024-10-14,94,SKU_A2,Brand_A,2.32,0.95,0,1,8384
2024-10-14,94,SKU_B1,Brand_B,2.05,0.94,0,1,14465
2024-10-14,94,SKU_B2,Brand_B,2.36,0.84,0,1,7393
2024-10-14,94,SKU_C1,Brand_C,2.25,0.98,0,1,6937
2024-10-14,94,SKU_A3,Brand_A,2.28,0.91,1,1,22363
2024-10-21,95,SKU_A1,Brand_A,2.05,0.83,0,1,15941
2024-10-21,95,SKU_A2,Brand_A,2.5,0.8,0,1,4346
2024-10-21,95,SKU_B1,Brand_B,1.75,0.86,0,1,17481
2024-10-21,95,SKU_B2,Brand_B,2.14,0.95,0,1,10484
2024-10-21,95,SKU_A3,Brand_A,2.29,0.92,1,1,16807
2024-10-28,96,SKU_A1,Brand_A,2.09,0.85,0,1,10204
2024-10-28,96,SKU_A2,Brand_A,2.56,0.84,0,1,4967
2024-10-28,96,SKU_B1,Brand_B,1.81,0.97,0,1,23572
2024-10-28,96,SKU_B2,Brand_B,2.1,0.81,0,1,8797
2024-10-28,96,SKU_C1,Brand_C,1.94,0.83,0,1,12163
2024-10-28,96,SKU_A3,Brand_A,2.47,0.9,1,1,14547
2024-11-04,97,SKU_B1,Brand_B,1.81,0.81,0,1,12003
2024-11-04,97,SKU_B2,Brand_B,2.31,0.95,0,1,7226
2024-11-04,97,SKU_C1,Brand_C,2.04,0.92,0,1,11608
2024-11-04,97,SKU_A3,Brand_A,2.17,0.96,1,1,27425
2024-11-11,98,SKU_A2,Brand_A,2.6,0.95,0,1,3726
2024-11-11,98,SKU_B1,Brand_B,1.88,0.85,0,1,20933
2024-11-11,98,SKU_C1,Brand_C,2.06,0.96,0,1,10188
2024-11-11,98,SKU_A3,Brand_A,2.33,0.92,1,1,21000
2024-11-18,99,SKU_A1,Brand_A,2.08,0.82,0,1,17719
2024-11-18,99,SKU_A2,Brand_A,2.45,0.97,0,1,9656
2024-11-18,99,SKU_B1,Brand_B,2.0,0.93,0,1,14471
2024-11-18,99,SKU_B2,Brand_B,2.35,0.93,0,1,8738
2024-11-18,99,SKU_C1,Brand_C,2.18,0.96,0,1,10060
2024-11-18,99,SKU_A3,Brand_A,2.19,0.86,1,1,19084
2024-11-25,100,SKU_A1,Brand_A,2.11,0.8,0,1,10242
2024-11-25,100,SKU_A2,Brand_A,2.58,0.95,0,1,4640
2024-11-25,100,SKU_B1,Brand_B,1.91,0.97,0,1,20344
2024-11-25,100,SKU_B2,Brand_B,2.28,0.96,0,1,7769
2024-11-25,100,SKU_C1,Brand_C,1.99,0.94,0,1,9932
2024-11-25,100,SKU_A3,Brand_A,2.16,0.96,1,1,32174
2024-12-02,101,SKU_A1,Brand_A,2.06,0.81,0,1,10182
2024-12-02,101,SKU_A2,Brand_A,2.42,0.86,0,1,5892
2024-12-02,101,SKU_C1,Brand_C,2.03,0.88,0,1,8884
2024-12-02,101,SKU_A3,Brand_A,2.14,0.87,1,1,27429
2024-12-09,102,SKU_A1,Brand_A,1.86,0.89,0,1,23150
2024-12-09,102,SKU_A2,Brand_A,2.6,0.93,0,1,4072
2024-12-09,102,SKU_B1,Brand_B,1.88,0.86,0,1,15514
2024-12-09,102,SKU_C1,Brand_C,2.02,0.85,0,1,12140
2024-12-09,102,SKU_A3,Brand_A,2.34,0.81,1,1,16432
2024-12-16,103,SKU_A1,Brand_A,1.94,0.85,0,1,21484
2024-12-16,103,SKU_A2,Brand_A,2.68,0.82,0,1,3440
2024-12-16,103,SKU_B1,Brand_B,1.8,0.97,0,1,25899
2024-12-16,103,SKU_B2,Brand_B,2.1,0.91,0,1,11591
2024-12-16,103,SKU_C1,Brand_C,2.17,0.92,0,1,8742
2024-12-16,103,SKU_A3,Brand_A,2.33,0.85,1,1,16012
2024-12-23,104,SKU_A1,Brand_A,2.07,0.8,0,1,19288
2024-12-23,104,SKU_A2,Brand_A,2.56,0.84,0,1,5898
2024-12-23,104,SKU_B1,Brand_B,1.97,0.82,0,1,16749
2024-12-23,104,SKU_B2,Brand_B,2.28,0.8,0,1,7455
2024-12-23,104,SKU_C1,Brand_C,2.02,0.84,0,1,10424
2024-12-23,104,SKU_A3,Brand_A,2.14,0.88,1,1,23981
