,sku,brand,nest,Price,ACV,Date,Sales_Volume
0,SKU_01,Brand_A,Soda,1.44,0.69,2023-01-02,22211
1,SKU_02,Brand_A,Soda,2.74,0.87,2023-01-02,793
2,SKU_03,Brand_B,Soda,1.37,0.74,2023-01-02,13723
3,SKU_06,Brand_D,Juice,3.14,0.67,2023-01-02,129
4,SKU_07,Brand_E,Juice,3.52,0.81,2023-01-02,38
5,SKU_01,Brand_A,Soda,1.5,0.77,2023-01-09,15495
6,SKU_02,Brand_A,Soda,2.46,0.96,2023-01-09,1433
7,SKU_03,Brand_B,Soda,1.29,0.73,2023-01-09,15614
8,SKU_04,Brand_C,Soda,1.72,0.7,2023-01-09,7363
9,SKU_06,Brand_D,Juice,3.07,0.65,2023-01-09,124
10,SKU_07,Brand_E,Juice,3.57,0.82,2023-01-09,34
11,SKU_01,Brand_A,Soda,1.52,0.64,2023-01-16,11788
12,SKU_02,Brand_A,Soda,2.56,0.89,2023-01-16,1103
13,SKU_03,Brand_B,Soda,1.3,0.66,2023-01-16,13956
14,SKU_04,Brand_C,Soda,1.54,0.88,2023-01-16,12452
15,SKU_06,Brand_D,Juice,3.21,0.74,2023-01-16,102
16,SKU_01,Brand_A,Soda,1.55,0.64,2023-01-23,12717
17,SKU_02,Brand_A,Soda,2.67,0.82,2023-01-23,811
18,SKU_03,Brand_B,Soda,1.37,0.73,2023-01-23,13077
19,SKU_04,Brand_C,Soda,1.55,0.82,2023-01-23,14759
20,SKU_06,Brand_D,Juice,3.01,0.6,2023-01-23,134
21,SKU_07,Brand_E,Juice,3.78,0.99,2023-01-23,25
22,SKU_02,Brand_A,Soda,2.71,0.83,2023-01-30,1167
23,SKU_03,Brand_B,Soda,1.27,0.88,2023-01-30,27684
24,SKU_04,Brand_C,Soda,1.49,0.91,2023-01-30,22808
25,SKU_06,Brand_D,Juice,2.77,0.87,2023-01-30,454
26,SKU_07,Brand_E,Juice,3.64,0.78,2023-01-30,53
27,SKU_01,Brand_A,Soda,1.6,0.96,2023-02-06,56930
28,SKU_06,Brand_D,Juice,2.95,0.82,2023-02-06,725
29,SKU_07,Brand_E,Juice,3.48,0.92,2023-02-06,177
30,SKU_02,Brand_A,Soda,2.27,0.9,2023-02-13,3320
31,SKU_03,Brand_B,Soda,1.28,0.86,2023-02-13,31539
32,SKU_04,Brand_C,Soda,1.69,0.83,2023-02-13,16788
33,SKU_06,Brand_D,Juice,2.73,0.92,2023-02-13,607
34,SKU_07,Brand_E,Juice,3.45,0.92,2023-02-13,101
35,SKU_01,Brand_A,Soda,1.5,0.73,2023-02-20,14569
36,SKU_03,Brand_B,Soda,1.29,0.7,2023-02-20,18116
37,SKU_04,Brand_C,Soda,1.61,0.85,2023-02-20,14433
38,SKU_07,Brand_E,Juice,3.84,0.75,2023-02-20,23
39,SKU_01,Brand_A,Soda,1.64,0.86,2023-02-27,12672
40,SKU_02,Brand_A,Soda,2.26,0.71,2023-02-27,1901
41,SKU_03,Brand_B,Soda,1.33,0.75,2023-02-27,15730
42,SKU_04,Brand_C,Soda,1.47,0.69,2023-02-27,16885
43,SKU_06,Brand_D,Juice,2.92,0.6,2023-02-27,148
44,SKU_07,Brand_E,Juice,3.52,0.66,2023-02-27,24
45,SKU_01,Brand_A,Soda,1.6,0.65,2023-03-06,15181
46,SKU_02,Brand_A,Soda,2.26,0.89,2023-03-06,2996
47,SKU_03,Brand_B,Soda,1.41,0.83,2023-03-06,16686
48,SKU_04,Brand_C,Soda,1.62,0.86,2023-03-06,14819
49,SKU_06,Brand_D,Juice,3.26,0.83,2023-03-06,109
50,SKU_07,Brand_E,Juice,3.54,0.8,2023-03-06,46
51,SKU_01,Brand_A,Soda,1.58,0.75,2023-03-13,18376
52,SKU_02,Brand_A,Soda,2.72,0.96,2023-03-13,1288
53,SKU_03,Brand_B,Soda,1.32,0.73,2023-03-13,18348
54,SKU_04,Brand_C,Soda,1.72,0.93,2023-03-13,12581
55,SKU_07,Brand_E,Juice,3.25,0.64,2023-03-13,87
56,SKU_01,Brand_A,Soda,1.56,0.96,2023-03-20,21755
57,SKU_02,Brand_A,Soda,2.64,0.68,2023-03-20,1105
58,SKU_03,Brand_B,Soda,1.39,0.91,2023-03-20,20693
59,SKU_04,Brand_C,Soda,1.65,0.91,2023-03-20,15413
60,SKU_06,Brand_D,Juice,2.82,0.79,2023-03-20,409
61,SKU_01,Brand_A,Soda,1.43,0.97,2023-03-27,25710
62,SKU_02,Brand_A,Soda,2.7,0.62,2023-03-27,483
63,SKU_03,Brand_B,Soda,1.27,0.62,2023-03-27,16054
64,SKU_04,Brand_C,Soda,1.74,0.85,2023-03-27,9643
65,SKU_06,Brand_D,Juice,2.8,0.74,2023-03-27,256
66,SKU_07,Brand_E,Juice,3.51,0.72,2023-03-27,37
67,SKU_01,Brand_A,Soda,1.46,0.95,2023-04-03,21882
68,SKU_02,Brand_A,Soda,2.26,0.97,2023-04-03,2311
69,SKU_03,Brand_B,Soda,1.29,0.64,2023-04-03,14427
70,SKU_04,Brand_C,Soda,1.57,0.86,2023-04-03,14099
71,SKU_06,Brand_D,Juice,2.93,0.82,2023-04-03,229
72,SKU_07,Brand_E,Juice,3.61,0.69,2023-04-03,17
73,SKU_01,Brand_A,Soda,1.55,0.62,2023-04-10,13326
74,SKU_02,Brand_A,Soda,2.48,0.71,2023-04-10,1123
75,SKU_03,Brand_B,Soda,1.54,0.96,2023-04-10,12714
76,SKU_04,Brand_C,Soda,1.44,0.99,2023-04-10,28309
77,SKU_06,Brand_D,Juice,2.94,0.94,2023-04-10,282
78,SKU_01,Brand_A,Soda,1.53,0.78,2023-04-17,18403
79,SKU_02,Brand_A,Soda,2.56,0.76,2023-04-17,1249
80,SKU_03,Brand_B,Soda,1.29,0.69,2023-04-17,16811
81,SKU_04,Brand_C,Soda,1.69,0.81,2023-04-17,11387
82,SKU_07,Brand_E,Juice,3.58,0.62,2023-04-17,27
83,SKU_01,Brand_A,Soda,1.36,0.82,2023-04-24,32129
84,SKU_02,Brand_A,Soda,2.53,0.67,2023-04-24,1154
85,SKU_04,Brand_C,Soda,1.49,0.81,2023-04-24,17822
86,SKU_06,Brand_D,Juice,2.85,0.86,2023-04-24,355
87,SKU_07,Brand_E,Juice,3.17,0.66,2023-04-24,94
88,SKU_01,Brand_A,Soda,1.53,0.89,2023-05-01,17658
89,SKU_02,Brand_A,Soda,2.48,0.77,2023-05-01,1032
90,SKU_03,Brand_B,Soda,1.29,0.81,2023-05-01,18718
91,SKU_04,Brand_C,Soda,1.45,0.61,2023-05-01,10549
92,SKU_06,Brand_D,Juice,3.12,0.98,2023-05-01,134
93,SKU_07,Brand_E,Juice,3.47,0.69,2023-05-01,48
94,SKU_01,Brand_A,Soda,1.58,0.82,2023-05-08,17072
95,SKU_02,Brand_A,Soda,2.41,0.67,2023-05-08,1069
96,SKU_03,Brand_B,Soda,1.33,0.74,2023-05-08,14625
97,SKU_04,Brand_C,Soda,1.55,1.0,2023-05-08,18512
98,SKU_06,Brand_D,Juice,2.82,0.64,2023-05-08,213
99,SKU_07,Brand_E,Juice,3.71,0.95,2023-05-08,25
100,SKU_01,Brand_A,Soda,1.64,0.86,2023-05-15,16394
101,SKU_02,Brand_A,Soda,2.3,0.6,2023-05-15,2193
102,SKU_03,Brand_B,Soda,1.4,0.73,2023-05-15,16478
103,SKU_04,Brand_C,Soda,1.69,0.78,2023-05-15,10777
104,SKU_06,Brand_D,Juice,2.75,0.79,2023-05-15,346
105,SKU_07,Brand_E,Juice,3.78,0.78,2023-05-15,35
106,SKU_01,Brand_A,Soda,1.35,0.95,2023-05-22,25816
107,SKU_02,Brand_A,Soda,2.5,0.68,2023-05-22,835
108,SKU_03,Brand_B,Soda,1.43,0.87,2023-05-22,11064
109,SKU_04,Brand_C,Soda,1.5,0.61,2023-05-22,10395
110,SKU_06,Brand_D,Juice,3.19,0.94,2023-05-22,126
111,SKU_07,Brand_E,Juice,3.36,0.99,2023-05-22,54
112,SKU_01,Brand_A,Soda,1.54,0.8,2023-05-29,19780
113,SKU_02,Brand_A,Soda,2.7,0.98,2023-05-29,1021
114,SKU_03,Brand_B,Soda,1.47,0.7,2023-05-29,9211
115,SKU_04,Brand_C,Soda,1.54,0.9,2023-05-29,15983
116,SKU_07,Brand_E,Juice,3.56,0.93,2023-05-29,72
117,SKU_01,Brand_A,Soda,1.61,0.93,2023-06-05,44898
118,SKU_02,Brand_A,Soda,2.38,0.65,2023-06-05,4146
119,SKU_06,Brand_D,Juice,3.25,0.98,2023-06-05,433
120,SKU_07,Brand_E,Juice,3.26,0.77,2023-06-05,223
121,SKU_01,Brand_A,Soda,1.52,0.61,2023-06-12,10903
122,SKU_02,Brand_A,Soda,2.71,0.82,2023-06-12,768
123,SKU_03,Brand_B,Soda,1.38,0.68,2023-06-12,10299
124,SKU_04,Brand_C,Soda,1.46,0.79,2023-06-12,14995
125,SKU_06,Brand_D,Juice,2.92,0.63,2023-06-12,156
126,SKU_07,Brand_E,Juice,3.75,0.99,2023-06-12,25
127,SKU_01,Brand_A,Soda,1.5,0.9,2023-06-19,27769
128,SKU_02,Brand_A,Soda,2.54,0.83,2023-06-19,1723
129,SKU_03,Brand_B,Soda,1.49,0.91,2023-06-19,17020
130,SKU_06,Brand_D,Juice,3.02,0.84,2023-06-19,318
131,SKU_07,Brand_E,Juice,3.62,0.99,2023-06-19,56
132,SKU_02,Brand_A,Soda,2.56,0.73,2023-06-26,1808
133,SKU_03,Brand_B,Soda,1.46,0.64,2023-06-26,14587
134,SKU_04,Brand_C,Soda,1.62,0.9,2023-06-26,22288
135,SKU_06,Brand_D,Juice,3.14,0.87,2023-06-26,268
136,SKU_07,Brand_E,Juice,3.4,0.68,2023-06-26,69
137,SKU_01,Brand_A,Soda,1.49,0.95,2023-07-03,13253
138,SKU_02,Brand_A,Soda,2.7,0.9,2023-07-03,520
139,SKU_03,Brand_B,Soda,1.27,0.81,2023-07-03,17376
140,SKU_04,Brand_C,Soda,1.49,0.65,2023-07-03,7971
141,SKU_06,Brand_D,Juice,2.93,0.75,2023-07-03,125
142,SKU_01,Brand_A,Soda,1.57,0.83,2023-07-10,11887
143,SKU_03,Brand_B,Soda,1.39,1.0,2023-07-10,14263
144,SKU_04,Brand_C,Soda,1.52,0.74,2023-07-10,13136
145,SKU_07,Brand_E,Juice,3.44,0.77,2023-07-10,35
146,SKU_01,Brand_A,Soda,1.5,0.84,2023-07-17,13841
147,SKU_02,Brand_A,Soda,2.45,0.93,2023-07-17,1138
148,SKU_03,Brand_B,Soda,1.4,0.61,2023-07-17,8469
149,SKU_04,Brand_C,Soda,1.51,0.72,2023-07-17,9002
150,SKU_06,Brand_D,Juice,2.75,0.79,2023-07-17,257
151,SKU_01,Brand_A,Soda,1.5,0.83,2023-07-24,11429
152,SKU_03,Brand_B,Soda,1.36,0.67,2023-07-24,8652
153,SKU_04,Brand_C,Soda,1.44,0.76,2023-07-24,12013
154,SKU_06,Brand_D,Juice,3.22,0.85,2023-07-24,64
155,SKU_07,Brand_E,Juice,3.4,0.63,2023-07-24,26
156,SKU_01,Brand_A,Soda,1.42,0.66,2023-07-31,18600
157,SKU_02,Brand_A,Soda,2.58,0.72,2023-07-31,752
158,SKU_03,Brand_B,Soda,1.51,0.63,2023-07-31,7427
159,SKU_06,Brand_D,Juice,2.91,0.9,2023-07-31,214
160,SKU_02,Brand_A,Soda,2.75,0.82,2023-08-07,790
161,SKU_03,Brand_B,Soda,1.5,0.67,2023-08-07,14027
162,SKU_04,Brand_C,Soda,1.66,0.63,2023-08-07,11270
163,SKU_06,Brand_D,Juice,3.27,0.8,2023-08-07,126
164,SKU_07,Brand_E,Juice,3.34,0.78,2023-08-07,86
165,SKU_06,Brand_D,Juice,3.15,0.92,2023-08-14,20397
166,SKU_07,Brand_E,Juice,3.27,0.65,2023-08-14,10754
167,SKU_01,Brand_A,Soda,1.46,0.62,2023-08-21,10146
168,SKU_02,Brand_A,Soda,2.61,0.89,2023-08-21,666
169,SKU_03,Brand_B,Soda,1.38,0.65,2023-08-21,7228
170,SKU_04,Brand_C,Soda,1.6,0.88,2023-08-21,7615
171,SKU_06,Brand_D,Juice,3.06,0.99,2023-08-21,155
172,SKU_07,Brand_E,Juice,3.62,0.96,2023-08-21,28
173,SKU_01,Brand_A,Soda,1.36,0.69,2023-08-28,11518
174,SKU_03,Brand_B,Soda,1.4,0.61,2023-08-28,6532
175,SKU_04,Brand_C,Soda,1.53,0.65,2023-08-28,6085
176,SKU_07,Brand_E,Juice,3.22,0.6,2023-08-28,29
177,SKU_01,Brand_A,Soda,1.41,0.93,2023-09-04,12526
178,SKU_02,Brand_A,Soda,2.73,0.86,2023-09-04,338
179,SKU_03,Brand_B,Soda,1.34,0.94,2023-09-04,10005
180,SKU_04,Brand_C,Soda,1.44,0.98,2023-09-04,11277
181,SKU_06,Brand_D,Juice,3.17,0.7,2023-09-04,48
182,SKU_01,Brand_A,Soda,1.6,0.9,2023-09-11,15348
183,SKU_02,Brand_A,Soda,2.71,0.99,2023-09-11,684
184,SKU_04,Brand_C,Soda,1.51,0.7,2023-09-11,12358
185,SKU_06,Brand_D,Juice,3.01,0.68,2023-09-11,130
186,SKU_01,Brand_A,Soda,1.53,0.65,2023-09-18,14637
187,SKU_02,Brand_A,Soda,2.46,0.84,2023-09-18,1281
188,SKU_04,Brand_C,Soda,1.75,0.77,2023-09-18,8475
189,SKU_06,Brand_D,Juice,3.14,0.82,2023-09-18,136
190,SKU_01,Brand_A,Soda,1.45,0.63,2023-09-25,8674
191,SKU_02,Brand_A,Soda,2.68,0.7,2023-09-25,354
192,SKU_03,Brand_B,Soda,1.47,0.67,2023-09-25,6076
193,SKU_04,Brand_C,Soda,1.51,0.88,2023-09-25,10225
194,SKU_06,Brand_D,Juice,3.27,0.72,2023-09-25,46
195,SKU_07,Brand_E,Juice,3.33,0.74,2023-09-25,26
196,SKU_01,Brand_A,Soda,1.42,0.61,2023-10-02,11304
197,SKU_02,Brand_A,Soda,2.7,0.67,2023-10-02,395
198,SKU_03,Brand_B,Soda,1.27,0.83,2023-10-02,13172
199,SKU_06,Brand_D,Juice,3.11,0.67,2023-10-02,106
200,SKU_07,Brand_E,Juice,3.79,0.76,2023-10-02,15
201,SKU_01,Brand_A,Soda,1.37,0.99,2023-10-09,23369
202,SKU_03,Brand_B,Soda,1.53,0.88,2023-10-09,10111
203,SKU_06,Brand_D,Juice,3.1,0.98,2023-10-09,154
204,SKU_01,Brand_A,Soda,1.59,0.74,2023-10-16,8631
205,SKU_02,Brand_A,Soda,2.67,0.93,2023-10-16,662
206,SKU_03,Brand_B,Soda,1.52,0.69,2023-10-16,5961
207,SKU_04,Brand_C,Soda,1.53,0.9,2023-10-16,12968
208,SKU_06,Brand_D,Juice,2.75,0.97,2023-10-16,323
209,SKU_07,Brand_E,Juice,3.39,0.79,2023-10-16,45
210,SKU_02,Brand_A,Soda,2.25,0.74,2023-10-23,2706
211,SKU_03,Brand_B,Soda,1.51,0.64,2023-10-23,10086
212,SKU_04,Brand_C,Soda,1.64,0.82,2023-10-23,13919
213,SKU_06,Brand_D,Juice,2.97,0.91,2023-10-23,241
214,SKU_07,Brand_E,Juice,3.63,0.96,2023-10-23,28
215,SKU_01,Brand_A,Soda,1.58,0.76,2023-10-30,11828
216,SKU_03,Brand_B,Soda,1.53,0.7,2023-10-30,6177
217,SKU_04,Brand_C,Soda,1.6,0.65,2023-10-30,8510
218,SKU_06,Brand_D,Juice,3.3,0.83,2023-10-30,90
219,SKU_07,Brand_E,Juice,3.55,0.89,2023-10-30,20
220,SKU_01,Brand_A,Soda,1.54,0.68,2023-11-06,9099
221,SKU_03,Brand_B,Soda,1.45,0.8,2023-11-06,7198
222,SKU_04,Brand_C,Soda,1.46,0.69,2023-11-06,11264
223,SKU_06,Brand_D,Juice,2.81,0.74,2023-11-06,239
224,SKU_07,Brand_E,Juice,3.53,0.81,2023-11-06,27
225,SKU_02,Brand_A,Soda,2.55,0.66,2023-11-13,1029
226,SKU_03,Brand_B,Soda,1.42,0.84,2023-11-13,15998
227,SKU_04,Brand_C,Soda,1.53,0.95,2023-11-13,18053
228,SKU_06,Brand_D,Juice,2.91,0.91,2023-11-13,278
229,SKU_01,Brand_A,Soda,1.41,0.75,2023-11-20,12946
230,SKU_02,Brand_A,Soda,2.61,0.67,2023-11-20,600
231,SKU_03,Brand_B,Soda,1.44,0.68,2023-11-20,6611
232,SKU_04,Brand_C,Soda,1.53,0.75,2023-11-20,9997
233,SKU_06,Brand_D,Juice,3.12,0.69,2023-11-20,79
234,SKU_07,Brand_E,Juice,3.25,0.89,2023-11-20,60
235,SKU_02,Brand_A,Soda,2.67,0.97,2023-11-27,1241
236,SKU_03,Brand_B,Soda,1.52,0.93,2023-11-27,13664
237,SKU_04,Brand_C,Soda,1.46,0.6,2023-11-27,15969
238,SKU_06,Brand_D,Juice,2.85,0.89,2023-11-27,397
239,SKU_07,Brand_E,Juice,3.47,0.65,2023-11-27,40
240,SKU_01,Brand_A,Soda,1.42,0.9,2023-12-04,12871
241,SKU_02,Brand_A,Soda,2.37,0.81,2023-12-04,874
242,SKU_03,Brand_B,Soda,1.3,0.84,2023-12-04,12142
243,SKU_04,Brand_C,Soda,1.45,0.88,2023-12-04,13423
244,SKU_06,Brand_D,Juice,3.03,0.91,2023-12-04,160
245,SKU_07,Brand_E,Juice,3.81,0.82,2023-12-04,13
246,SKU_02,Brand_A,Soda,2.46,0.64,2023-12-11,1815
247,SKU_03,Brand_B,Soda,1.33,0.82,2023-12-11,35050
248,SKU_06,Brand_D,Juice,3.19,0.61,2023-12-11,158
249,SKU_07,Brand_E,Juice,3.19,0.73,2023-12-11,159
250,SKU_01,Brand_A,Soda,1.44,0.88,2023-12-18,16124
251,SKU_02,Brand_A,Soda,2.4,0.76,2023-12-18,1017
252,SKU_03,Brand_B,Soda,1.41,0.95,2023-12-18,12346
253,SKU_04,Brand_C,Soda,1.44,0.7,2023-12-18,10677
254,SKU_06,Brand_D,Juice,3.2,0.69,2023-12-18,88
255,SKU_07,Brand_E,Juice,3.35,0.65,2023-12-18,46
256,SKU_01,Brand_A,Soda,1.43,0.86,2023-12-25,16271
257,SKU_02,Brand_A,Soda,2.26,0.95,2023-12-25,2128
258,SKU_03,Brand_B,Soda,1.35,0.88,2023-12-25,12156
259,SKU_04,Brand_C,Soda,1.51,0.9,2023-12-25,12902
260,SKU_06,Brand_D,Juice,2.7,0.71,2023-12-25,198
261,SKU_07,Brand_E,Juice,3.81,0.73,2023-12-25,13
262,SKU_01,Brand_A,Soda,1.36,0.64,2024-01-01,12507
263,SKU_02,Brand_A,Soda,2.59,0.95,2024-01-01,808
264,SKU_03,Brand_B,Soda,1.37,0.69,2024-01-01,9725
265,SKU_04,Brand_C,Soda,1.47,0.95,2024-01-01,15767
266,SKU_06,Brand_D,Juice,3.15,1.0,2024-01-01,107
267,SKU_07,Brand_E,Juice,3.35,0.97,2024-01-01,52
268,SKU_02,Brand_A,Soda,2.57,0.79,2024-01-08,1463
269,SKU_03,Brand_B,Soda,1.37,0.82,2024-01-08,22520
270,SKU_04,Brand_C,Soda,1.63,0.95,2024-01-08,22427
271,SKU_06,Brand_D,Juice,3.27,0.65,2024-01-08,112
272,SKU_07,Brand_E,Juice,3.31,0.85,2024-01-08,132
273,SKU_01,Brand_A,Soda,1.59,0.73,2024-01-15,16010
274,SKU_02,Brand_A,Soda,2.55,0.97,2024-01-15,1612
275,SKU_03,Brand_B,Soda,1.44,0.68,2024-01-15,12428
276,SKU_04,Brand_C,Soda,1.74,0.77,2024-01-15,10153
277,SKU_07,Brand_E,Juice,3.72,0.77,2024-01-15,38
278,SKU_01,Brand_A,Soda,1.44,0.76,2024-01-22,18659
279,SKU_02,Brand_A,Soda,2.73,0.61,2024-01-22,537
280,SKU_03,Brand_B,Soda,1.43,0.61,2024-01-22,9484
281,SKU_04,Brand_C,Soda,1.59,0.71,2024-01-22,11154
282,SKU_06,Brand_D,Juice,3.03,0.73,2024-01-22,162
283,SKU_07,Brand_E,Juice,3.18,0.61,2024-01-22,113
284,SKU_01,Brand_A,Soda,1.55,0.85,2024-01-29,21237
285,SKU_02,Brand_A,Soda,2.67,0.76,2024-01-29,919
286,SKU_03,Brand_B,Soda,1.53,0.7,2024-01-29,12297
287,SKU_04,Brand_C,Soda,1.69,0.71,2024-01-29,10435
288,SKU_07,Brand_E,Juice,3.62,0.84,2024-01-29,36
289,SKU_01,Brand_A,Soda,1.42,0.69,2024-02-05,25799
290,SKU_02,Brand_A,Soda,2.34,0.76,2024-02-05,2309
291,SKU_04,Brand_C,Soda,1.64,0.69,2024-02-05,13413
292,SKU_06,Brand_D,Juice,3.12,0.69,2024-02-05,162
293,SKU_07,Brand_E,Juice,3.25,0.61,2024-02-05,83
294,SKU_01,Brand_A,Soda,1.41,0.89,2024-02-12,27888
295,SKU_03,Brand_B,Soda,1.37,0.61,2024-02-12,10744
296,SKU_04,Brand_C,Soda,1.66,0.91,2024-02-12,11292
297,SKU_06,Brand_D,Juice,2.78,0.66,2024-02-12,290
298,SKU_07,Brand_E,Juice,3.6,0.84,2024-02-12,44
299,SKU_01,Brand_A,Soda,1.49,0.69,2024-02-19,23953
300,SKU_02,Brand_A,Soda,2.53,0.63,2024-02-19,1091
301,SKU_04,Brand_C,Soda,1.52,0.79,2024-02-19,20536
302,SKU_06,Brand_D,Juice,3.08,0.75,2024-02-19,166
303,SKU_07,Brand_E,Juice,3.55,0.83,2024-02-19,59
304,SKU_01,Brand_A,Soda,1.56,0.63,2024-02-26,14019
305,SKU_02,Brand_A,Soda,2.38,0.96,2024-02-26,2795
306,SKU_03,Brand_B,Soda,1.44,0.69,2024-02-26,15469
307,SKU_04,Brand_C,Soda,1.7,0.68,2024-02-26,10087
308,SKU_06,Brand_D,Juice,2.77,0.93,2024-02-26,556
309,SKU_01,Brand_A,Soda,1.36,0.61,2024-03-04,18089
310,SKU_02,Brand_A,Soda,2.66,0.74,2024-03-04,751
311,SKU_03,Brand_B,Soda,1.26,0.82,2024-03-04,19510
312,SKU_04,Brand_C,Soda,1.7,0.76,2024-03-04,7138
313,SKU_06,Brand_D,Juice,2.8,0.76,2024-03-04,241
314,SKU_07,Brand_E,Juice,3.78,0.76,2024-03-04,18
315,SKU_01,Brand_A,Soda,1.56,0.93,2024-03-11,21504
316,SKU_02,Brand_A,Soda,2.62,0.76,2024-03-11,1120
317,SKU_03,Brand_B,Soda,1.4,0.67,2024-03-11,14185
318,SKU_04,Brand_C,Soda,1.64,0.98,2024-03-11,17462
319,SKU_06,Brand_D,Juice,2.83,0.8,2024-03-11,426
320,SKU_07,Brand_E,Juice,3.65,0.85,2024-03-11,52
321,SKU_01,Brand_A,Soda,1.65,0.86,2024-03-18,16658
322,SKU_02,Brand_A,Soda,2.41,0.99,2024-03-18,2154
323,SKU_03,Brand_B,Soda,1.4,0.9,2024-03-18,22160
324,SKU_04,Brand_C,Soda,1.66,0.61,2024-03-18,10998
325,SKU_06,Brand_D,Juice,2.91,0.94,2024-03-18,312
326,SKU_07,Brand_E,Juice,3.5,0.79,2024-03-18,46
327,SKU_01,Brand_A,Soda,1.39,0.96,2024-03-25,32614
328,SKU_02,Brand_A,Soda,2.7,0.8,2024-03-25,679
329,SKU_03,Brand_B,Soda,1.38,0.73,2024-03-25,12370
330,SKU_04,Brand_C,Soda,1.62,0.78,2024-03-25,9927
331,SKU_06,Brand_D,Juice,2.82,0.68,2024-03-25,189
332,SKU_02,Brand_A,Soda,2.31,0.96,2024-04-01,4064
333,SKU_03,Brand_B,Soda,1.35,0.97,2024-04-01,34304
334,SKU_04,Brand_C,Soda,1.57,0.91,2024-04-01,22386
335,SKU_06,Brand_D,Juice,2.87,0.61,2024-04-01,318
336,SKU_07,Brand_E,Juice,3.58,0.9,2024-04-01,49
337,SKU_01,Brand_A,Soda,1.65,0.63,2024-04-08,12395
338,SKU_03,Brand_B,Soda,1.36,0.93,2024-04-08,24034
339,SKU_04,Brand_C,Soda,1.67,0.95,2024-04-08,17614
340,SKU_06,Brand_D,Juice,2.87,0.85,2024-04-08,352
341,SKU_07,Brand_E,Juice,3.73,0.8,2024-04-08,30
342,SKU_01,Brand_A,Soda,1.35,0.63,2024-04-15,19436
343,SKU_02,Brand_A,Soda,2.58,0.91,2024-04-15,954
344,SKU_03,Brand_B,Soda,1.33,0.81,2024-04-15,15424
345,SKU_04,Brand_C,Soda,1.7,0.65,2024-04-15,8483
346,SKU_06,Brand_D,Juice,3.19,0.74,2024-04-15,119
347,SKU_07,Brand_E,Juice,3.22,0.72,2024-04-15,87
348,SKU_01,Brand_A,Soda,1.63,0.82,2024-04-22,12940
349,SKU_02,Brand_A,Soda,2.64,0.79,2024-04-22,899
350,SKU_03,Brand_B,Soda,1.28,0.71,2024-04-22,16565
351,SKU_04,Brand_C,Soda,1.45,0.8,2024-04-22,18197
352,SKU_06,Brand_D,Juice,2.87,0.91,2024-04-22,235
353,SKU_07,Brand_E,Juice,3.17,0.61,2024-04-22,83
354,SKU_01,Brand_A,Soda,1.46,0.61,2024-04-29,24929
355,SKU_02,Brand_A,Soda,2.26,0.64,2024-04-29,2392
356,SKU_04,Brand_C,Soda,1.65,0.99,2024-04-29,17113
357,SKU_06,Brand_D,Juice,2.72,0.93,2024-04-29,551
358,SKU_01,Brand_A,Soda,1.42,0.76,2024-05-06,29195
359,SKU_02,Brand_A,Soda,2.39,0.81,2024-05-06,2443
360,SKU_04,Brand_C,Soda,1.66,0.82,2024-05-06,15573
361,SKU_06,Brand_D,Juice,2.77,0.95,2024-05-06,684
362,SKU_07,Brand_E,Juice,3.81,0.72,2024-05-06,34
363,SKU_01,Brand_A,Soda,1.47,0.8,2024-05-13,22699
364,SKU_02,Brand_A,Soda,2.69,0.78,2024-05-13,935
365,SKU_04,Brand_C,Soda,1.45,0.8,2024-05-13,24255
366,SKU_07,Brand_E,Juice,3.65,0.91,2024-05-13,34
367,SKU_02,Brand_A,Soda,2.36,0.94,2024-05-20,3271
368,SKU_03,Brand_B,Soda,1.52,0.62,2024-05-20,16776
369,SKU_04,Brand_C,Soda,1.61,0.77,2024-05-20,21357
370,SKU_06,Brand_D,Juice,3.28,0.92,2024-05-20,213
371,SKU_07,Brand_E,Juice,3.2,0.91,2024-05-20,165
372,SKU_01,Brand_A,Soda,1.43,0.78,2024-05-27,19183
373,SKU_02,Brand_A,Soda,2.69,0.71,2024-05-27,654
374,SKU_03,Brand_B,Soda,1.33,0.85,2024-05-27,13157
375,SKU_04,Brand_C,Soda,1.6,0.97,2024-05-27,15272
376,SKU_06,Brand_D,Juice,3.26,0.9,2024-05-27,84
377,SKU_07,Brand_E,Juice,3.35,0.69,2024-05-27,32
378,SKU_01,Brand_A,Soda,1.65,0.66,2024-06-03,8876
379,SKU_02,Brand_A,Soda,2.5,0.67,2024-06-03,776
380,SKU_03,Brand_B,Soda,1.35,0.9,2024-06-03,17648
381,SKU_04,Brand_C,Soda,1.46,0.84,2024-06-03,17583
382,SKU_06,Brand_D,Juice,3.05,0.84,2024-06-03,156
383,SKU_07,Brand_E,Juice,3.58,0.65,2024-06-03,29
384,SKU_01,Brand_A,Soda,1.39,0.82,2024-06-10,26160
385,SKU_03,Brand_B,Soda,1.33,0.65,2024-06-10,13966
386,SKU_06,Brand_D,Juice,3.1,0.96,2024-06-10,185
387,SKU_07,Brand_E,Juice,3.5,0.7,2024-06-10,40
388,SKU_01,Brand_A,Soda,1.46,0.97,2024-06-17,21840
389,SKU_02,Brand_A,Soda,2.63,0.68,2024-06-17,654
390,SKU_03,Brand_B,Soda,1.42,0.77,2024-06-17,12625
391,SKU_04,Brand_C,Soda,1.7,0.9,2024-06-17,10688
392,SKU_07,Brand_E,Juice,3.28,0.64,2024-06-17,63
393,SKU_01,Brand_A,Soda,1.44,0.93,2024-06-24,23171
394,SKU_02,Brand_A,Soda,2.49,0.79,2024-06-24,1037
395,SKU_03,Brand_B,Soda,1.53,0.63,2024-06-24,6974
396,SKU_04,Brand_C,Soda,1.63,0.93,2024-06-24,11377
397,SKU_06,Brand_D,Juice,3.01,0.67,2024-06-24,123
398,SKU_07,Brand_E,Juice,3.81,0.9,2024-06-24,23
399,SKU_01,Brand_A,Soda,1.51,0.94,2024-07-01,39526
400,SKU_02,Brand_A,Soda,2.28,0.71,2024-07-01,4024
401,SKU_07,Brand_E,Juice,3.31,0.7,2024-07-01,149
402,SKU_01,Brand_A,Soda,1.49,0.77,2024-07-08,14797
403,SKU_02,Brand_A,Soda,2.55,0.86,2024-07-08,856
404,SKU_03,Brand_B,Soda,1.38,0.69,2024-07-08,10617
405,SKU_04,Brand_C,Soda,1.59,0.62,2024-07-08,6731
406,SKU_06,Brand_D,Juice,2.85,0.83,2024-07-08,206
407,SKU_07,Brand_E,Juice,3.15,0.62,2024-07-08,76
408,SKU_01,Brand_A,Soda,1.54,0.73,2024-07-15,11229
409,SKU_02,Brand_A,Soda,2.44,0.98,2024-07-15,1162
410,SKU_03,Brand_B,Soda,1.37,0.98,2024-07-15,11937
411,SKU_04,Brand_C,Soda,1.47,0.66,2024-07-15,10386
412,SKU_06,Brand_D,Juice,3.19,0.7,2024-07-15,96
413,SKU_07,Brand_E,Juice,3.54,0.83,2024-07-15,32
414,SKU_01,Brand_A,Soda,1.59,0.74,2024-07-22,9257
415,SKU_02,Brand_A,Soda,2.59,0.65,2024-07-22,457
416,SKU_03,Brand_B,Soda,1.31,0.8,2024-07-22,11480
417,SKU_04,Brand_C,Soda,1.49,0.86,2024-07-22,13424
418,SKU_06,Brand_D,Juice,3.16,0.89,2024-07-22,99
419,SKU_07,Brand_E,Juice,3.59,0.97,2024-07-22,23
420,SKU_01,Brand_A,Soda,1.5,0.91,2024-07-29,14721
421,SKU_02,Brand_A,Soda,2.62,0.63,2024-07-29,405
422,SKU_03,Brand_B,Soda,1.53,0.91,2024-07-29,7984
423,SKU_04,Brand_C,Soda,1.5,0.8,2024-07-29,12494
424,SKU_06,Brand_D,Juice,3.04,0.64,2024-07-29,118
425,SKU_01,Brand_A,Soda,1.39,0.72,2024-08-05,18968
426,SKU_02,Brand_A,Soda,2.48,0.72,2024-08-05,1077
427,SKU_03,Brand_B,Soda,1.39,0.77,2024-08-05,9671
428,SKU_06,Brand_D,Juice,3.2,0.81,2024-08-05,103
429,SKU_01,Brand_A,Soda,1.59,0.61,2024-08-12,13668
430,SKU_02,Brand_A,Soda,2.58,0.87,2024-08-12,1156
431,SKU_04,Brand_C,Soda,1.75,0.72,2024-08-12,10512
432,SKU_06,Brand_D,Juice,3.11,0.85,2024-08-12,219
433,SKU_07,Brand_E,Juice,3.42,0.71,2024-08-12,58
434,SKU_01,Brand_A,Soda,1.38,0.64,2024-08-19,10408
435,SKU_02,Brand_A,Soda,2.32,0.87,2024-08-19,1241
436,SKU_03,Brand_B,Soda,1.38,0.95,2024-08-19,11896
437,SKU_04,Brand_C,Soda,1.69,0.91,2024-08-19,6653
438,SKU_07,Brand_E,Juice,3.23,0.96,2024-08-19,61
439,SKU_01,Brand_A,Soda,1.53,0.75,2024-08-26,10056
440,SKU_02,Brand_A,Soda,2.35,0.8,2024-08-26,1171
441,SKU_03,Brand_B,Soda,1.53,0.97,2024-08-26,6946
442,SKU_04,Brand_C,Soda,1.44,0.99,2024-08-26,14109
443,SKU_06,Brand_D,Juice,2.77,0.66,2024-08-26,195
444,SKU_07,Brand_E,Juice,3.18,0.88,2024-08-26,65
445,SKU_01,Brand_A,Soda,1.53,0.85,2024-09-02,18070
446,SKU_02,Brand_A,Soda,2.53,0.78,2024-09-02,1019
447,SKU_03,Brand_B,Soda,1.5,0.93,2024-09-02,12401
448,SKU_06,Brand_D,Juice,3.25,0.91,2024-09-02,109
449,SKU_07,Brand_E,Juice,3.35,0.68,2024-09-02,44
450,SKU_01,Brand_A,Soda,1.64,0.99,2024-09-09,9100
451,SKU_03,Brand_B,Soda,1.34,0.73,2024-09-09,10220
452,SKU_04,Brand_C,Soda,1.47,0.64,2024-09-09,7633
453,SKU_07,Brand_E,Juice,3.45,1.0,2024-09-09,46
454,SKU_02,Brand_A,Soda,2.46,0.61,2024-09-16,944
455,SKU_03,Brand_B,Soda,1.46,0.94,2024-09-16,15000
456,SKU_04,Brand_C,Soda,1.55,0.67,2024-09-16,11899
457,SKU_07,Brand_E,Juice,3.76,0.89,2024-09-16,27
458,SKU_01,Brand_A,Soda,1.48,0.97,2024-09-23,15467
459,SKU_02,Brand_A,Soda,2.54,0.95,2024-09-23,841
460,SKU_03,Brand_B,Soda,1.45,0.87,2024-09-23,7793
461,SKU_04,Brand_C,Soda,1.55,0.65,2024-09-23,5994
462,SKU_07,Brand_E,Juice,3.17,0.8,2024-09-23,72
463,SKU_01,Brand_A,Soda,1.35,0.72,2024-09-30,11186
464,SKU_03,Brand_B,Soda,1.27,0.76,2024-09-30,9162
465,SKU_04,Brand_C,Soda,1.6,0.62,2024-09-30,4555
466,SKU_06,Brand_D,Juice,2.94,0.73,2024-09-30,86
467,SKU_07,Brand_E,Juice,3.7,0.93,2024-09-30,15
468,SKU_01,Brand_A,Soda,1.53,0.81,2024-10-07,11376
469,SKU_02,Brand_A,Soda,2.61,0.68,2024-10-07,515
470,SKU_03,Brand_B,Soda,1.52,0.9,2024-10-07,9365
471,SKU_04,Brand_C,Soda,1.66,0.67,2024-10-07,6478
472,SKU_06,Brand_D,Juice,2.95,0.73,2024-10-07,169
473,SKU_07,Brand_E,Juice,3.68,0.71,2024-10-07,19
474,SKU_01,Brand_A,Soda,1.53,0.97,2024-10-14,13521
475,SKU_02,Brand_A,Soda,2.4,0.9,2024-10-14,1115
476,SKU_03,Brand_B,Soda,1.4,0.8,2024-10-14,9062
477,SKU_04,Brand_C,Soda,1.61,0.61,2024-10-14,5396
478,SKU_06,Brand_D,Juice,2.95,0.89,2024-10-14,127
479,SKU_07,Brand_E,Juice,3.65,0.77,2024-10-14,27
480,SKU_01,Brand_A,Soda,1.64,0.78,2024-10-21,15560
481,SKU_02,Brand_A,Soda,2.38,0.96,2024-10-21,2966
482,SKU_04,Brand_C,Soda,1.76,0.66,2024-10-21,9071
483,SKU_07,Brand_E,Juice,3.58,0.81,2024-10-21,43
484,SKU_01,Brand_A,Soda,1.51,0.9,2024-10-28,14118
485,SKU_02,Brand_A,Soda,2.55,0.83,2024-10-28,805
486,SKU_03,Brand_B,Soda,1.45,0.7,2024-10-28,7566
487,SKU_04,Brand_C,Soda,1.61,0.85,2024-10-28,8359
488,SKU_06,Brand_D,Juice,2.88,0.87,2024-10-28,226
489,SKU_07,Brand_E,Juice,3.78,0.64,2024-10-28,11
490,SKU_01,Brand_A,Soda,1.47,0.88,2024-11-04,13907
491,SKU_02,Brand_A,Soda,2.39,0.6,2024-11-04,776
492,SKU_03,Brand_B,Soda,1.5,0.96,2024-11-04,8530
493,SKU_04,Brand_C,Soda,1.49,0.81,2024-11-04,10427
494,SKU_06,Brand_D,Juice,3.19,0.99,2024-11-04,99
495,SKU_01,Brand_A,Soda,1.53,0.93,2024-11-11,12275
496,SKU_02,Brand_A,Soda,2.7,0.74,2024-11-11,376
497,SKU_03,Brand_B,Soda,1.28,0.94,2024-11-11,14791
498,SKU_04,Brand_C,Soda,1.48,0.8,2024-11-11,8561
499,SKU_06,Brand_D,Juice,3.05,0.94,2024-11-11,106
500,SKU_07,Brand_E,Juice,3.19,0.86,2024-11-11,53
501,SKU_02,Brand_A,Soda,2.54,0.93,2024-11-18,1256
502,SKU_03,Brand_B,Soda,1.27,0.69,2024-11-18,14971
503,SKU_04,Brand_C,Soda,1.54,0.77,2024-11-18,14158
504,SKU_06,Brand_D,Juice,3.18,0.91,2024-11-18,102
505,SKU_07,Brand_E,Juice,3.3,0.98,2024-11-18,105
506,SKU_01,Brand_A,Soda,1.43,0.75,2024-11-25,19075
507,SKU_02,Brand_A,Soda,2.47,0.75,2024-11-25,1248
508,SKU_04,Brand_C,Soda,1.6,0.69,2024-11-25,10448
509,SKU_06,Brand_D,Juice,2.76,0.83,2024-11-25,403
510,SKU_07,Brand_E,Juice,3.65,1.0,2024-11-25,39
511,SKU_01,Brand_A,Soda,1.53,0.98,2024-12-02,23994
512,SKU_02,Brand_A,Soda,2.55,0.81,2024-12-02,1244
513,SKU_04,Brand_C,Soda,1.62,0.61,2024-12-02,11115
514,SKU_06,Brand_D,Juice,2.72,0.87,2024-12-02,547
515,SKU_07,Brand_E,Juice,3.64,0.95,2024-12-02,51
516,SKU_01,Brand_A,Soda,1.53,0.73,2024-12-09,14725
517,SKU_02,Brand_A,Soda,2.48,0.86,2024-12-09,1256
518,SKU_03,Brand_B,Soda,1.44,0.66,2024-12-09,7100
519,SKU_04,Brand_C,Soda,1.65,0.64,2024-12-09,8906
520,SKU_01,Brand_A,Soda,1.39,0.94,2024-12-16,19908
521,SKU_02,Brand_A,Soda,2.4,0.7,2024-12-16,1129
522,SKU_03,Brand_B,Soda,1.47,0.93,2024-12-16,11043
523,SKU_04,Brand_C,Soda,1.63,0.72,2024-12-16,9578
524,SKU_06,Brand_D,Juice,2.77,0.73,2024-12-16,236
525,SKU_01,Brand_A,Soda,1.47,0.9,2024-12-23,15586
526,SKU_03,Brand_B,Soda,1.35,0.94,2024-12-23,14834
527,SKU_04,Brand_C,Soda,1.45,0.9,2024-12-23,14862
528,SKU_06,Brand_D,Juice,2.83,0.85,2024-12-23,249
